,customerEmail,transactionId,orderId,paymentMethodId,paymentMethodRegistrationFailure,paymentMethodType,paymentMethodProvider,transactionAmount,transactionFailed,orderState
0,josephhoward@yahoo.com,a9lcj51r,vjbdvd,wt07xm68b,1,card,JCB 16 digit,18,0,pending
1,josephhoward@yahoo.com,y4wcv03i,yp6x27,wt07xm68b,1,card,JCB 16 digit,26,0,fulfilled
2,evansjeffery@yahoo.com,5mi94sfw,nlghpa,41ug157xz,0,bitcoin,American Express,45,0,fulfilled
3,evansjeffery@yahoo.com,br8ba1nu,uw0eeb,41ug157xz,0,bitcoin,American Express,23,0,fulfilled
4,evansjeffery@yahoo.com,a33145ss,bn44oh,y3xp697jx,1,bitcoin,VISA 16 digit,43,1,fulfilled
5,andersonwilliam@yahoo.com,q3lyvbza,yk34y2,8pneoi03z,0,card,JCB 16 digit,33,0,failed
6,andersonwilliam@yahoo.com,3alf9irw,28v6b0,8pneoi03z,0,card,JCB 16 digit,24,1,fulfilled
7,andersonwilliam@yahoo.com,69w9wymx,28v6b0,8pneoi03z,0,card,JCB 16 digit,24,0,fulfilled
8,andersonwilliam@yahoo.com,pegqc4ud,itnk8y,dluy3jka0,0,card,Discover,25,1,fulfilled
9,andersonwilliam@yahoo.com,uo3slwh7,itnk8y,8pneoi03z,0,card,JCB 16 digit,25,0,fulfilled
10,rubenjuarez@yahoo.com,vx4cjc27,fbz9ep,pdxjdwui4,0,card,Voyager,34,0,fulfilled
11,rubenjuarez@yahoo.com,yiay9b0n,7odnn6,pdxjdwui4,0,card,Voyager,26,0,fulfilled
12,rubenjuarez@yahoo.com,sn3v0ql2,audx7o,pdxjdwui4,0,card,Voyager,25,0,fulfilled
13,uchen@malone.com,q8j3dgni,56h7iw,olr4zf09x,0,card,VISA 13 digit,71,0,fulfilled
14,uchen@malone.com,xjulqy8x,kowj1v,gehl28i8u,0,card,JCB 16 digit,66,1,fulfilled
15,uchen@malone.com,rvm65vr1,wlznfu,gehl28i8u,0,card,JCB 16 digit,69,0,failed
16,uchen@malone.com,kckrvagp,hm3rth,76bw9eqg2,0,apple pay,VISA 16 digit,46,1,fulfilled
17,uchen@malone.com,2slep8t9,vvq05w,s6escw45g,0,card,JCB 16 digit,68,0,fulfilled
18,uchen@malone.com,yd80pfko,xwo0al,76bw9eqg2,0,apple pay,VISA 16 digit,59,0,fulfilled
19,uchen@malone.com,ckk3ux58,2528x8,w1i1zq3rg,0,apple pay,American Express,32,0,fulfilled
20,robinsoncynthia@dunn.com,67qcpl0r,vq7j5b,n5fj5bc0e,0,card,VISA 16 digit,25,0,pending
21,samuel15@saunders-rhodes.com,9jutaun8,sq7rk9,je76d0ulj,0,apple pay,VISA 13 digit,40,1,fulfilled
22,samuel15@saunders-rhodes.com,lla8uo92,sq7rk9,je76d0ulj,0,apple pay,VISA 13 digit,40,0,fulfilled
23,johnlowery@gmail.com,300mewnx,kanub7,8xex97krx,0,card,VISA 16 digit,65,0,fulfilled
24,johnlowery@gmail.com,cfoevtai,kanub7,yxsf33ipw,0,bitcoin,Voyager,65,1,fulfilled
25,johnlowery@gmail.com,kg0emdbe,605pbl,yxsf33ipw,0,bitcoin,Voyager,36,0,failed
26,johnlowery@gmail.com,crwqqfpi,7fs5td,yxsf33ipw,0,bitcoin,Voyager,68,0,fulfilled
27,johnlowery@gmail.com,u2xbyl92,ccuh4k,8xex97krx,0,card,VISA 16 digit,74,1,fulfilled
28,johnlowery@gmail.com,c5w6btep,lajvhn,8xex97krx,0,card,VISA 16 digit,55,0,fulfilled
29,jameslandry@rodriguez.com,idd9amrw,mtg9kj,yk3gx9knx,0,card,Discover,25,0,fulfilled
30,jameslandry@rodriguez.com,2ta3i8e2,1b71xd,yk3gx9knx,0,card,Discover,21,1,pending
31,jameslandry@rodriguez.com,8pssnrcy,1b71xd,yk3gx9knx,0,card,Discover,21,0,pending
32,jameslandry@rodriguez.com,ksmxqqg3,1b71xd,yk3gx9knx,0,card,Discover,21,1,pending
33,jameslandry@rodriguez.com,sihnojhc,1b71xd,yk3gx9knx,0,card,Discover,21,1,pending
34,bowenwilliam@yahoo.com,fkxbbt2y,a0dh26,4nt3vg6nr,0,card,Discover,40,0,fulfilled
35,bowenwilliam@yahoo.com,i2xemksa,a0dh26,4nt3vg6nr,0,card,Discover,40,1,fulfilled
36,bowenwilliam@yahoo.com,ud4zmsnq,izik2o,4nt3vg6nr,0,card,Discover,18,0,pending
37,bowenwilliam@yahoo.com,wnlc7kcq,2sumqh,4nt3vg6nr,0,card,Discover,46,0,failed
38,bowenwilliam@yahoo.com,uqgebkxo,kcmymd,4nt3vg6nr,0,card,Discover,12,0,fulfilled
39,bowenwilliam@yahoo.com,9u7gmxy2,mocbj3,4nt3vg6nr,0,card,Discover,11,1,fulfilled
40,ksummers@hotmail.com,46ijodjq,ji75jj,14t4urgqg,0,card,Discover,12,0,fulfilled
41,ksummers@hotmail.com,xo1gdp22,5lyh0x,anpl44kz2,0,card,American Express,30,0,fulfilled
42,ksummers@hotmail.com,33jfoo59,ha14ey,14t4urgqg,0,card,Discover,49,1,fulfilled
43,ksummers@hotmail.com,i8bk4lna,ha14ey,ahnb9wv33,0,card,VISA 13 digit,49,0,fulfilled
44,ksummers@hotmail.com,7p73brx2,ni3keo,ahnb9wv33,0,card,VISA 13 digit,45,1,fulfilled
45,ksummers@hotmail.com,i8zlhilq,vvo42o,12sooz8hm,0,bitcoin,Maestro,28,0,fulfilled
46,ksummers@hotmail.com,zwl18ddd,vvo42o,ahnb9wv33,0,card,VISA 13 digit,28,1,fulfilled
47,christineklein@wright-boyd.org,fgobyd98,abc26t,9pfrhknoz,0,bitcoin,VISA 16 digit,10,0,fulfilled
48,christineklein@wright-boyd.org,c4fephmj,bdzhkd,ow9u8ogs4,0,card,VISA 16 digit,45,0,pending
49,christineklein@wright-boyd.org,07hkhmmf,l8smyt,ow9u8ogs4,0,card,VISA 16 digit,46,0,fulfilled
50,christineklein@wright-boyd.org,jz6qu6zy,0esxhp,ow9u8ogs4,0,card,VISA 16 digit,16,0,fulfilled
51,meganwalters@chavez.com,bhil44kr,ooxrwm,o2ct2h9fp,0,card,Mastercard,43,1,fulfilled
52,meganwalters@chavez.com,nw0a0y9s,ooxrwm,o2ct2h9fp,0,card,Mastercard,43,0,fulfilled
53,meganwalters@chavez.com,enl54gvp,2p3zor,o2ct2h9fp,0,card,Mastercard,34,1,fulfilled
54,meganwalters@chavez.com,hkcfpxan,2p3zor,o2ct2h9fp,0,card,Mastercard,34,0,fulfilled
55,caleb94@sutton.info,n7vnyysr,49zp0m,5a44rykx3,0,card,VISA 16 digit,19,0,failed
56,caleb94@sutton.info,mx7hay87,eqpu3r,5a44rykx3,0,card,VISA 16 digit,46,0,fulfilled
57,caleb94@sutton.info,vby375q9,gzlvco,5a44rykx3,0,card,VISA 16 digit,39,0,fulfilled
58,caleb94@sutton.info,1ti2lm0o,p1yden,5a44rykx3,0,card,VISA 16 digit,35,0,fulfilled
59,caleb94@sutton.info,fwq4f8bn,bkvs1p,5a44rykx3,0,card,VISA 16 digit,46,0,failed
60,gonzalesjackson@gmail.com,zcnztn97,s7dg4a,7964l78jo,0,apple pay,VISA 16 digit,50,0,fulfilled
61,gonzalesjackson@gmail.com,zx8st0gu,jlzkil,7964l78jo,0,apple pay,VISA 16 digit,41,0,fulfilled
62,gonzalesjackson@gmail.com,fzvbpn58,f8bsyg,7964l78jo,0,apple pay,VISA 16 digit,44,0,fulfilled
63,gonzalesjackson@gmail.com,1wa1s613,u3ogjs,7964l78jo,0,apple pay,VISA 16 digit,41,0,fulfilled
64,dana09@yahoo.com,3cryzmi3,giqilg,ww9fq10ca,0,bitcoin,JCB 16 digit,12,0,fulfilled
65,dana09@yahoo.com,koade5oa,giqilg,1lejsiqz7,0,card,JCB 16 digit,12,1,fulfilled
66,dana09@yahoo.com,2yzkbxnq,g56nmt,ww9fq10ca,0,bitcoin,JCB 16 digit,33,0,fulfilled
67,dana09@yahoo.com,okdmow3s,g56nmt,1lejsiqz7,0,card,JCB 16 digit,33,1,fulfilled
68,dana09@yahoo.com,wt1g1zul,g56nmt,ww9fq10ca,0,bitcoin,JCB 16 digit,33,1,fulfilled
69,dana09@yahoo.com,scls9w4j,2ai67b,1lejsiqz7,0,card,JCB 16 digit,40,0,fulfilled
70,alec27@bell.com,jbnf5zpw,28xxko,6n2psn50k,0,card,Voyager,34,0,pending
71,alec27@bell.com,60kuyxra,iyl91j,6n2psn50k,0,card,Voyager,12,0,fulfilled
72,alec27@bell.com,gj13pt1o,j7ene4,6n2psn50k,0,card,Voyager,30,0,fulfilled
73,alec27@bell.com,u6wa5ysx,j7ene4,6n2psn50k,0,card,Voyager,30,1,fulfilled
74,alec27@bell.com,vfrua0id,j7ene4,366dsl3w0,0,card,VISA 16 digit,30,1,fulfilled
75,alec27@bell.com,jh5r2s3s,mir5zf,366dsl3w0,0,card,VISA 16 digit,22,0,fulfilled
76,juliecook@hotmail.com,5855qbk5,p6g2g0,rqpuq19z6,0,card,Voyager,11,0,fulfilled
77,juliecook@hotmail.com,6lf1jy8o,7y5qly,rqpuq19z6,0,card,Voyager,14,0,fulfilled
78,meganberry@clark.biz,74b4ih1u,1d19rh,bcetnywn4,0,card,JCB 16 digit,37,0,fulfilled
79,meganberry@clark.biz,1u5d7k9y,deh1ao,bcetnywn4,0,card,JCB 16 digit,42,0,fulfilled
80,meganberry@clark.biz,o4z2x2e9,deh1ao,bcetnywn4,0,card,JCB 16 digit,42,1,fulfilled
81,meganberry@clark.biz,85k8mjpo,xdmwyo,bcetnywn4,0,card,JCB 16 digit,11,0,fulfilled
82,meganberry@clark.biz,ubm4tzca,00z9c8,bcetnywn4,0,card,JCB 16 digit,29,0,fulfilled
83,psantiago@nelson.net,6p2l2jxb,f5vg4r,yngba9iss,0,paypal,JCB 16 digit,31,0,fulfilled
84,harrisnicholas@mitchell-hancock.com,k5x38nss,xxn508,1adbjdqx8,0,card,American Express,33,0,failed
85,harrisnicholas@mitchell-hancock.com,6mas9ujn,5vvhqu,1adbjdqx8,0,card,American Express,47,1,fulfilled
86,harrisnicholas@mitchell-hancock.com,gkolnfbh,5vvhqu,llpmu63n4,0,apple pay,Mastercard,47,0,fulfilled
87,harrisnicholas@mitchell-hancock.com,vynq8mn9,o5mg40,1adbjdqx8,0,card,American Express,25,0,fulfilled
88,harrisnicholas@mitchell-hancock.com,3qr93r9x,dfwo2l,1adbjdqx8,0,card,American Express,25,0,fulfilled
89,harrisnicholas@mitchell-hancock.com,5ccytrgf,dfwo2l,llpmu63n4,0,apple pay,Mastercard,25,1,fulfilled
90,davismike@hotmail.com,74rrit1l,j8w6hq,otujzzu3i,1,bitcoin,Diners Club / Carte Blanche,33,0,fulfilled
91,davismike@hotmail.com,15adxvt9,vo9fep,otujzzu3i,1,bitcoin,Diners Club / Carte Blanche,48,0,failed
92,davismike@hotmail.com,lyq2dt5j,yqijlk,otujzzu3i,1,bitcoin,Diners Club / Carte Blanche,11,0,fulfilled
93,davismike@hotmail.com,upzpdr9y,yqijlk,otujzzu3i,1,bitcoin,Diners Club / Carte Blanche,11,1,fulfilled
94,natalie98@yahoo.com,c60my23d,ssdsca,kafhtdkmr,0,card,VISA 16 digit,23,0,fulfilled
95,karen54@mullins.biz,cw2apg23,xm4p49,4rdcaqhb7,1,card,American Express,38,0,fulfilled
96,karen54@mullins.biz,dgx25sxc,w3av5p,4rdcaqhb7,1,card,American Express,12,0,fulfilled
97,karen54@mullins.biz,o16cfq48,w3av5p,wlywsk5au,0,card,VISA 16 digit,12,1,fulfilled
98,karen54@mullins.biz,r3gj74vr,w3av5p,4rdcaqhb7,1,card,American Express,12,1,fulfilled
99,karen54@mullins.biz,n47dl09n,94y9qn,wlywsk5au,0,card,VISA 16 digit,15,1,failed
100,karen54@mullins.biz,q8z8feru,94y9qn,wlywsk5au,0,card,VISA 16 digit,15,0,failed
101,karen54@mullins.biz,5vwwh56j,h0j383,4rdcaqhb7,1,card,American Express,11,0,fulfilled
102,karen54@mullins.biz,lkq1ib9d,8iq07j,wlywsk5au,0,card,VISA 16 digit,39,0,failed
103,avaldez@gmail.com,j8cy8qqf,uotwbi,ogeeyw724,0,paypal,Maestro,19,1,fulfilled
104,avaldez@gmail.com,n4lw10e3,uotwbi,ogeeyw724,0,paypal,Maestro,19,0,fulfilled
105,blackjoel@wright.com,ueos82ny,f3zu8d,jud25x4mo,0,card,Maestro,45,0,fulfilled
106,blackjoel@wright.com,p5gx6q9w,kv9he2,jud25x4mo,0,card,Maestro,50,0,fulfilled
107,blackjoel@wright.com,2zbevcd8,cs48h5,jud25x4mo,0,card,Maestro,42,0,fulfilled
108,blackjoel@wright.com,r1r4ce3k,eonqhv,jud25x4mo,0,card,Maestro,10,0,fulfilled
109,blackjoel@wright.com,er8zjgzm,zxk81a,jud25x4mo,0,card,Maestro,30,1,fulfilled
110,blackjoel@wright.com,hqtzz2ib,zxk81a,jud25x4mo,0,card,Maestro,30,0,fulfilled
111,abigail08@yahoo.com,oquhv695,naiygn,st34e000q,0,card,VISA 16 digit,48,0,failed
112,abigail08@yahoo.com,r6c5d2vo,naiygn,st34e000q,0,card,VISA 16 digit,48,1,failed
113,abigail08@yahoo.com,1aq5meg1,any2ki,st34e000q,0,card,VISA 16 digit,42,1,pending
114,abigail08@yahoo.com,zu65tthv,any2ki,st34e000q,0,card,VISA 16 digit,42,0,pending
115,abigail08@yahoo.com,97sqcd6l,l98c04,tfcg9eqwk,1,card,Maestro,29,0,fulfilled
116,catherine64@gmail.com,s3hfs4fc,j4izq0,5ad6rm0sb,0,card,Maestro,65,0,failed
117,catherine64@gmail.com,8810813t,81bac4,rc5kwqehi,0,bitcoin,VISA 13 digit,75,0,pending
118,catherine64@gmail.com,iw7bakk3,y73qvk,0lqd0lah5,0,bitcoin,JCB 16 digit,58,0,fulfilled
119,catherine64@gmail.com,w2nnyowa,y73qvk,5ad6rm0sb,0,card,Maestro,58,1,fulfilled
120,catherine64@gmail.com,c2b8df2a,sd4v17,0tvw8yj4z,0,card,JCB 16 digit,58,0,fulfilled
121,romerolauren@hotmail.com,xph56a1n,ag3x4z,243b5b285,0,card,VISA 16 digit,32,0,fulfilled
122,romerolauren@hotmail.com,nonzx5wh,rn62d8,243b5b285,0,card,VISA 16 digit,36,0,fulfilled
123,qramsey@hotmail.com,5hj630hg,x4u7kx,yi3002uzs,0,card,Maestro,14,1,fulfilled
124,qramsey@hotmail.com,pz9du9rq,x4u7kx,yi3002uzs,0,card,Maestro,14,0,fulfilled
125,qramsey@hotmail.com,fv1q37k3,du631k,uljh0fhae,0,card,VISA 16 digit,15,0,fulfilled
126,qramsey@hotmail.com,mh712ehl,eunjto,yi3002uzs,0,card,Maestro,46,0,fulfilled
127,qramsey@hotmail.com,7sfult79,mlsqph,yi3002uzs,0,card,Maestro,18,0,fulfilled
128,qramsey@hotmail.com,wmbgls2d,pe8fke,yi3002uzs,0,card,Maestro,30,0,failed
129,9es7t@u6n7x,7m39em4p,3b9vdf,wl0wgtfn2,0,card,Voyager,16,1,fulfilled
130,9es7t@u6n7x,yz35aas7,3b9vdf,wl0wgtfn2,0,card,Voyager,16,0,fulfilled
131,ypruitt@hotmail.com,h7huu8lz,wc0qut,vwdxqd00s,0,card,JCB 15 digit,30,0,fulfilled
132,ypruitt@hotmail.com,t55qhcm8,8o9ef7,vwdxqd00s,0,card,JCB 15 digit,38,0,fulfilled
133,ypruitt@hotmail.com,bzubcvnz,5pwn81,vwdxqd00s,0,card,JCB 15 digit,49,0,fulfilled
134,ypruitt@hotmail.com,qyw32m2v,l72b2v,vwdxqd00s,0,card,JCB 15 digit,29,0,fulfilled
135,aweaver@yahoo.com,0exoy858,lly25f,1ov4r2jr5,0,card,VISA 16 digit,20,0,fulfilled
136,richard05@hanson-key.org,j3vtxcy9,pkajko,ip4pd9xyu,0,card,Discover,40,0,fulfilled
137,paul86@hotmail.com,kuqkfynb,4w6x1p,j6vt0l11e,0,apple pay,JCB 16 digit,44,1,fulfilled
138,paul86@hotmail.com,rk0m8roe,4w6x1p,j6vt0l11e,0,apple pay,JCB 16 digit,44,0,fulfilled
139,mark02@young.com,rxcql0ld,gkwd8g,w3c453rd8,0,card,Diners Club / Carte Blanche,10,0,fulfilled
140,mark02@young.com,aq1qv1td,pypyvi,xci7mpl5h,0,paypal,VISA 16 digit,34,0,fulfilled
141,mark02@young.com,w2tqx0ln,pypyvi,xci7mpl5h,0,paypal,VISA 16 digit,34,1,fulfilled
142,mark02@young.com,xu7b9kcr,fq1ooh,w3c453rd8,0,card,Diners Club / Carte Blanche,39,0,fulfilled
143,mark02@young.com,fn1847f0,qb4l0y,xci7mpl5h,0,paypal,VISA 16 digit,49,0,fulfilled
144,brandon58@conner.com,bczklypo,aj6j5x,r0735q7at,0,card,JCB 15 digit,29,0,fulfilled
145,brandon58@conner.com,75p8ugk5,gf3kf8,r0735q7at,0,card,JCB 15 digit,25,0,fulfilled
146,brandon58@conner.com,p237hz8y,gf3kf8,r0735q7at,0,card,JCB 15 digit,25,1,fulfilled
147,brandon58@conner.com,e6vl0gpx,v1sq5r,r0735q7at,0,card,JCB 15 digit,14,1,fulfilled
148,brandon58@conner.com,fo3oz01r,v1sq5r,r0735q7at,0,card,JCB 15 digit,14,1,fulfilled
149,brandon58@conner.com,fqqaqp6q,v1sq5r,r0735q7at,0,card,JCB 15 digit,14,0,fulfilled
150,brandon58@conner.com,lesb2kxu,v1sq5r,r0735q7at,0,card,JCB 15 digit,14,1,fulfilled
151,brandon58@conner.com,w3jgb8qt,v1sq5r,r0735q7at,0,card,JCB 15 digit,14,1,fulfilled
152,johnlowery@gmail.com,7sdl8reg,kr2w5f,tfff8yjzo,0,card,American Express,32,0,failed
153,johnlowery@gmail.com,i25dewqi,kr2w5f,tfff8yjzo,0,card,American Express,32,1,failed
154,johnlowery@gmail.com,bpvdqkr7,4x7vmr,tfff8yjzo,0,card,American Express,21,0,fulfilled
155,jamescampbell@randall-pacheco.biz,n53a4z93,typkze,suusse06u,0,card,VISA 13 digit,10,0,fulfilled
156,jamescampbell@randall-pacheco.biz,nq16vew4,typkze,c4lqxg7tb,0,card,Discover,10,1,fulfilled
157,jamescampbell@randall-pacheco.biz,r40gi7kt,typkze,c4lqxg7tb,0,card,Discover,10,1,fulfilled
158,jamescampbell@randall-pacheco.biz,so2vwp1v,gar4v9,c4lqxg7tb,0,card,Discover,11,1,fulfilled
159,jamescampbell@randall-pacheco.biz,ulr6tqlz,gar4v9,c4lqxg7tb,0,card,Discover,11,0,fulfilled
160,jamescampbell@randall-pacheco.biz,8hc4ygjd,ougwoy,suusse06u,0,card,VISA 13 digit,47,0,fulfilled
161,jamescampbell@randall-pacheco.biz,vpzfovrf,ougwoy,c4lqxg7tb,0,card,Discover,47,1,fulfilled
162,briana34@gmail.com,2gd1xtoz,brzg7e,qkhsgv41q,0,paypal,Maestro,50,0,fulfilled
163,briana34@gmail.com,z292pjgq,tex5rp,h2awlopgd,0,apple pay,JCB 16 digit,39,0,fulfilled
164,briana34@gmail.com,0xj8t0jz,o2xkjm,qkhsgv41q,0,paypal,Maestro,18,0,fulfilled
165,briana34@gmail.com,ji0xd4so,o2xkjm,qkhsgv41q,0,paypal,Maestro,18,1,fulfilled
166,briana34@gmail.com,7o924iwu,z11a6h,h2awlopgd,0,apple pay,JCB 16 digit,29,0,fulfilled
167,briana34@gmail.com,4bce098o,8id3sg,qkhsgv41q,0,paypal,Maestro,41,1,pending
168,briana34@gmail.com,zrro6kto,8id3sg,qkhsgv41q,0,paypal,Maestro,41,0,pending
169,jonesandrea@gray.biz,jjnhdzhb,sqfq9g,gxjchyxfz,0,paypal,JCB 16 digit,45,0,fulfilled
170,jonesandrea@gray.biz,cmlxddnq,lco8r4,gxjchyxfz,0,paypal,JCB 16 digit,22,0,fulfilled
171,jonesandrea@gray.biz,kyzfj2ta,d1mfum,gxjchyxfz,0,paypal,JCB 16 digit,29,0,fulfilled
172,kristina41@gmail.com,o022s00u,d6sbjc,bkopk7uzs,0,card,VISA 16 digit,51,1,fulfilled
173,kristina41@gmail.com,w7ludkyz,d6sbjc,bkopk7uzs,0,card,VISA 16 digit,51,0,fulfilled
174,kristina41@gmail.com,ohw0eoga,izroq8,bwj2e7i76,0,card,Mastercard,36,0,fulfilled
175,kristina41@gmail.com,uusnh2tp,9spaf7,bwj2e7i76,0,card,Mastercard,60,0,fulfilled
176,kristina41@gmail.com,0niv9sm2,8f7mcp,bwj2e7i76,0,card,Mastercard,52,0,fulfilled
177,kristina41@gmail.com,by1ob38p,xwtnot,bwj2e7i76,0,card,Mastercard,68,0,fulfilled
178,kristina41@gmail.com,h96uhgzk,iaousp,cm5dp45zh,0,apple pay,JCB 16 digit,51,0,fulfilled
179,nolanalec@yahoo.com,uzxl7bjx,48pqsb,k5n97dkql,0,card,JCB 15 digit,31,0,fulfilled
180,nolanalec@yahoo.com,6vdayna1,tprxxg,7am579wop,0,card,Maestro,36,0,fulfilled
181,nolanalec@yahoo.com,3rc2nhqf,3j539y,7am579wop,0,card,Maestro,42,0,fulfilled
182,nolanalec@yahoo.com,83llpfdj,q4rqn8,7am579wop,0,card,Maestro,35,1,fulfilled
183,nolanalec@yahoo.com,rhgbdlfu,q4rqn8,7am579wop,0,card,Maestro,35,0,fulfilled
184,spencer77@reid.com,9pqd6ebh,phfc5z,bv4rt0waw,0,card,JCB 16 digit,17,0,fulfilled
185,spencer77@reid.com,9udno8l3,phfc5z,bv4rt0waw,0,card,JCB 16 digit,17,1,fulfilled
186,spencer77@reid.com,h0heqcju,phfc5z,kvc38kle1,0,card,JCB 16 digit,17,1,fulfilled
187,spencer77@reid.com,obe4ky4l,phfc5z,kvc38kle1,0,card,JCB 16 digit,17,1,fulfilled
188,spencer77@reid.com,62dks9yz,7g535w,bv4rt0waw,0,card,JCB 16 digit,33,0,failed
189,uguzman@yahoo.com,ftiso5mr,32rax6,73a2hlmnm,0,card,VISA 16 digit,353,1,fulfilled
190,ssmith@levine-harmon.biz,3f97a9jm,9ekv8b,was3bq380,0,card,Voyager,17,0,fulfilled
191,ssmith@levine-harmon.biz,qblbbsr6,l4l6tx,k5xriv8co,1,card,Maestro,24,1,fulfilled
192,ssmith@levine-harmon.biz,uriznwe8,l4l6tx,was3bq380,0,card,Voyager,24,0,fulfilled
193,ssmith@levine-harmon.biz,wpumno5r,y4a3bt,k5xriv8co,1,card,Maestro,35,0,pending
194,ssmith@levine-harmon.biz,th1lhv8t,xtmpum,k5xriv8co,1,card,Maestro,32,0,fulfilled
195,ssmith@levine-harmon.biz,6qb7pwgb,y50p63,was3bq380,0,card,Voyager,36,1,fulfilled
196,ssmith@levine-harmon.biz,cyob52xd,y50p63,k5xriv8co,1,card,Maestro,36,1,fulfilled
197,ssmith@levine-harmon.biz,fu5bnafm,y50p63,k5xriv8co,1,card,Maestro,36,1,fulfilled
198,feliciabrown@gmail.com,55tz7m12,jp7kqk,0ma0yi3jg,0,card,JCB 16 digit,41,0,fulfilled
199,dianacook@gmail.com,mivfzxfz,23cqz5,yu71nlc3z,0,card,JCB 16 digit,19,0,failed
200,dianacook@gmail.com,xmzhdlhj,23cqz5,yu71nlc3z,0,card,JCB 16 digit,19,1,failed
201,dianacook@gmail.com,6nfh2k77,gxeyl2,yu71nlc3z,0,card,JCB 16 digit,20,0,fulfilled
202,cookbenjamin@hotmail.com,7p1c81gx,zllwa6,wejtuspvr,0,card,Mastercard,37,1,fulfilled
203,cookbenjamin@hotmail.com,odva1tei,zllwa6,wejtuspvr,0,card,Mastercard,37,1,fulfilled
204,cookbenjamin@hotmail.com,wxb335un,zllwa6,wejtuspvr,0,card,Mastercard,37,0,fulfilled
205,cookbenjamin@hotmail.com,hyknr1f4,znlrfn,wejtuspvr,0,card,Mastercard,14,0,fulfilled
206,cookbenjamin@hotmail.com,1qfz6ocd,rl4qc1,wejtuspvr,0,card,Mastercard,49,0,fulfilled
207,cookbenjamin@hotmail.com,mctz3wea,6s4aem,wejtuspvr,0,card,Mastercard,43,0,fulfilled
208,joserowland@jones.com,yjfirs14,u5a84z,r2v5bgqxf,0,card,VISA 16 digit,31,0,fulfilled
209,joserowland@jones.com,hrzejsy4,809d5o,f3l73qqm9,0,card,American Express,46,0,fulfilled
210,joserowland@jones.com,6xtouwt2,734b9q,f3l73qqm9,0,card,American Express,16,0,fulfilled
211,joserowland@jones.com,u2mtko2f,02x0ec,yym5xo9qi,0,card,Diners Club / Carte Blanche,15,0,fulfilled
212,pattersonphilip@yahoo.com,61k4wiml,wg4ai4,6954oj7dx,0,paypal,JCB 16 digit,18,0,failed
213,pattersonphilip@yahoo.com,tuyrl147,dkwhx7,6954oj7dx,0,paypal,JCB 16 digit,16,0,fulfilled
214,pattersonphilip@yahoo.com,cattpxq6,5ref00,6954oj7dx,0,paypal,JCB 16 digit,39,0,pending
215,pattersonphilip@yahoo.com,kn2hi7mn,4clclj,ujky4teqc,0,card,American Express,37,0,fulfilled
216,hj8maoy@1jcfcxs7,ixardum8,qfteet,7b7gmp8al,0,card,VISA 16 digit,12,0,failed
217,hj8maoy@1jcfcxs7,01qy7cu0,8a35qi,7b7gmp8al,0,card,VISA 16 digit,48,1,failed
218,hj8maoy@1jcfcxs7,b2llml7i,8a35qi,7b7gmp8al,0,card,VISA 16 digit,48,0,failed
219,hj8maoy@1jcfcxs7,cwqkwqg6,sw4bii,7b7gmp8al,0,card,VISA 16 digit,41,0,fulfilled
220,hj8maoy@1jcfcxs7,ao9gm8ru,5xh1fc,7b7gmp8al,0,card,VISA 16 digit,29,0,fulfilled
221,hj8maoy@1jcfcxs7,eyudgsxk,m6pkzg,pr3xs6kdy,0,paypal,VISA 13 digit,22,0,fulfilled
222,finleybrianna@yahoo.com,gec3i717,np9ggp,l1qil6tjh,0,card,American Express,44,0,fulfilled
223,finleybrianna@yahoo.com,e9cfoezm,8zs126,l1qil6tjh,0,card,American Express,43,1,failed
224,finleybrianna@yahoo.com,vln8ddqj,8zs126,l1qil6tjh,0,card,American Express,43,1,failed
225,finleybrianna@yahoo.com,20fwt83g,9416gf,l1qil6tjh,0,card,American Express,41,0,fulfilled
226,finleybrianna@yahoo.com,203fxp7y,6avmqe,l1qil6tjh,0,card,American Express,16,1,fulfilled
227,finleybrianna@yahoo.com,7sajyzm4,6avmqe,l1qil6tjh,0,card,American Express,16,0,fulfilled
228,finleybrianna@yahoo.com,ybvvmxmd,6avmqe,l1qil6tjh,0,card,American Express,16,1,fulfilled
229,suzanne21@gmail.com,hpcgclef,l4hhqu,6ke43eyg9,0,card,Voyager,37,0,failed
230,suzanne21@gmail.com,5mub2d51,z2x7az,6ke43eyg9,0,card,Voyager,31,0,fulfilled
231,suzanne21@gmail.com,vdwjlp18,z2x7az,6ke43eyg9,0,card,Voyager,31,1,fulfilled
232,suzanne21@gmail.com,95qmlxm7,910715,5i61lz4t2,0,bitcoin,Discover,24,0,fulfilled
233,suzanne21@gmail.com,jreh2bkw,910715,5i61lz4t2,0,bitcoin,Discover,24,1,fulfilled
234,johnlowery@gmail.com,qenelvvf,3ougge,opyep1aoj,0,card,VISA 16 digit,11,1,fulfilled
235,johnlowery@gmail.com,w5wkltds,3ougge,opyep1aoj,0,card,VISA 16 digit,11,0,fulfilled
236,johnlowery@gmail.com,m0vig74t,6p7c0x,opyep1aoj,0,card,VISA 16 digit,42,0,fulfilled
237,johnlowery@gmail.com,ao66pcnh,dd8z28,opyep1aoj,0,card,VISA 16 digit,37,0,fulfilled
238,johnlowery@gmail.com,0ltw4chk,0b6r24,opyep1aoj,0,card,VISA 16 digit,30,0,fulfilled
239,johnlowery@gmail.com,h1zprjml,0b6r24,opyep1aoj,0,card,VISA 16 digit,30,1,fulfilled
240,johnlowery@gmail.com,aoyfjmwf,9eubwc,opyep1aoj,0,card,VISA 16 digit,12,0,fulfilled
241,kristaavery@lewis-baird.com,j8eo5x52,g54w0y,gcg213ko9,1,bitcoin,Discover,16,1,fulfilled
242,cathy42@gibson.com,h469bpo6,d5r0n3,d1nvhtt2q,0,card,Diners Club / Carte Blanche,14,0,fulfilled
243,cathy42@gibson.com,vj05ozm5,8lc2cq,d1nvhtt2q,0,card,Diners Club / Carte Blanche,23,0,fulfilled
244,cathy42@gibson.com,aziryp5p,ssqc0h,rz1xfmc67,0,card,Mastercard,50,0,fulfilled
245,michelleherrera@day.info,r214877d,12l1rw,wovt0cj5c,1,bitcoin,Discover,34,0,fulfilled
246,michelleherrera@day.info,36u4g331,pcmaex,wovt0cj5c,1,bitcoin,Discover,43,0,fulfilled
247,michelleherrera@day.info,8wozhvp8,pcmaex,wovt0cj5c,1,bitcoin,Discover,43,1,fulfilled
248,michelleherrera@day.info,vqceka21,hxwtsb,wovt0cj5c,1,bitcoin,Discover,15,0,failed
249,michelleherrera@day.info,ah1qaf4c,nm269f,wovt0cj5c,1,bitcoin,Discover,48,0,fulfilled
250,michelleherrera@day.info,pgduytlm,nm269f,wovt0cj5c,1,bitcoin,Discover,48,1,fulfilled
251,ijuarez@yahoo.com,pf63pf7p,ghy2in,v6mrj0ec1,0,card,Discover,45,0,fulfilled
252,ijuarez@yahoo.com,fjfqyvsq,gltavp,v6mrj0ec1,0,card,Discover,13,0,fulfilled
253,ijuarez@yahoo.com,7sb2vztr,7syvmx,v6mrj0ec1,0,card,Discover,14,0,fulfilled
254,hughesjonathan@pena.org,ec0xejv1,yqgi4r,644b30jam,0,card,Maestro,49,1,pending
255,hughesjonathan@pena.org,uplzo1p7,yqgi4r,rbkqo2mz8,0,card,VISA 16 digit,49,0,pending
256,hughesjonathan@pena.org,co2h5f40,owcp3q,rbkqo2mz8,0,card,VISA 16 digit,25,0,fulfilled
257,hughesjonathan@pena.org,3kwagzt0,kkj4g4,47ss4xvsx,0,card,Voyager,41,1,fulfilled
258,hughesjonathan@pena.org,ggnme3au,kkj4g4,644b30jam,0,card,Maestro,41,0,fulfilled
259,hughesjonathan@pena.org,tbc5gpg0,ieo8qr,47ss4xvsx,0,card,Voyager,25,1,fulfilled
260,hughesjonathan@pena.org,pne2a081,7wo3i5,rbkqo2mz8,0,card,VISA 16 digit,45,0,failed
261,anthony04@gmail.com,ird6quss,czmdey,sdu0pppij,1,card,Maestro,15,0,fulfilled
262,anthony04@gmail.com,kr4piaj6,4v3wor,sdu0pppij,1,card,Maestro,34,0,fulfilled
263,mgould@yahoo.com,ls23wjjk,i1ews1,p6v42gsjt,0,card,VISA 16 digit,22,0,fulfilled
264,mgould@yahoo.com,57digam0,umxpkn,x6zmw4nns,1,card,Diners Club / Carte Blanche,21,1,fulfilled
265,mgould@yahoo.com,vvo1vly6,umxpkn,x6zmw4nns,1,card,Diners Club / Carte Blanche,21,0,fulfilled
266,mgould@yahoo.com,skhsy75r,2bwa43,p6v42gsjt,0,card,VISA 16 digit,35,0,fulfilled
267,mgould@yahoo.com,bph7txfx,9wsbkr,p6v42gsjt,0,card,VISA 16 digit,20,0,fulfilled
268,bakersydney@gmail.com,4d21mp0y,r55imo,74rqcnogo,0,card,Voyager,41,0,fulfilled
269,bakersydney@gmail.com,06r7dg7q,87w5rm,74rqcnogo,0,card,Voyager,34,1,fulfilled
270,bakersydney@gmail.com,nwvqorle,87w5rm,74rqcnogo,0,card,Voyager,34,1,fulfilled
271,bakersydney@gmail.com,x8085ani,87w5rm,74rqcnogo,0,card,Voyager,34,0,fulfilled
272,bakersydney@gmail.com,5i9fxj2h,knov7s,74rqcnogo,0,card,Voyager,32,0,fulfilled
273,udavis@clark.com,i7p3731v,y439xr,2zc5i5g91,0,bitcoin,VISA 16 digit,13,0,fulfilled
274,udavis@clark.com,xm6z2ku4,ikr37t,2zc5i5g91,0,bitcoin,VISA 16 digit,10,0,fulfilled
275,udavis@clark.com,a1etssuy,3629iw,2zc5i5g91,0,bitcoin,VISA 16 digit,18,0,fulfilled
276,nancymayo@brown.com,ht0fcw33,ab2hxc,8mjcums28,1,apple pay,American Express,46,0,fulfilled
277,nancymayo@brown.com,d6rooqlh,r8occu,oxpsbpotn,0,apple pay,Diners Club / Carte Blanche,72,0,fulfilled
278,nancymayo@brown.com,5unj4ehj,ky361o,8mjcums28,1,apple pay,American Express,50,0,fulfilled
279,nancymayo@brown.com,gkkxcjim,92e8bp,oxpsbpotn,0,apple pay,Diners Club / Carte Blanche,42,1,failed
280,nancymayo@brown.com,uhz22wkv,92e8bp,8mjcums28,1,apple pay,American Express,42,0,failed
281,nancymayo@brown.com,lg7lup4i,fu7lla,oxpsbpotn,0,apple pay,Diners Club / Carte Blanche,56,0,fulfilled
282,nancymayo@brown.com,4z7tp93o,c5b579,oxpsbpotn,0,apple pay,Diners Club / Carte Blanche,30,0,pending
283,johnlowery@gmail.com,hjsrew5l,np906j,a8dggs0xt,0,card,JCB 16 digit,40,0,fulfilled
284,johnlowery@gmail.com,e93zwysp,p1yimo,a8dggs0xt,0,card,JCB 16 digit,34,0,fulfilled
285,warrenedward@arnold.com,0w4ng8t4,03euof,v50sqfm8h,1,card,American Express,47,0,fulfilled
286,warrenedward@arnold.com,1od1zuej,e32v3f,3ahrb9ife,0,card,Voyager,31,0,fulfilled
287,warrenedward@arnold.com,409r48ot,v3f3bo,bhta4vgb5,0,apple pay,VISA 13 digit,28,0,fulfilled
288,warrenedward@arnold.com,kaxr9ib2,mfgt1j,v50sqfm8h,1,card,American Express,11,0,fulfilled
289,rbolton@hotmail.com,hojsrmq7,j5ssnn,aiker5vh0,0,card,Voyager,27,0,fulfilled
290,rbolton@hotmail.com,mco06mub,j5ssnn,895soyhh1,0,apple pay,VISA 13 digit,27,1,fulfilled
291,rbolton@hotmail.com,lt32c5y7,pgpgct,895soyhh1,0,apple pay,VISA 13 digit,19,0,fulfilled
292,rbolton@hotmail.com,izx7ae9w,ywwu92,895soyhh1,0,apple pay,VISA 13 digit,17,0,fulfilled
293,rbolton@hotmail.com,nixfmk79,h7m36s,895soyhh1,0,apple pay,VISA 13 digit,27,1,fulfilled
294,jonathan99@stafford.org,ziw7e3wa,dyyrat,2nfc926ij,0,card,Mastercard,46,0,fulfilled
295,jonathan99@stafford.org,d25j8j1o,kwmuvx,2nfc926ij,0,card,Mastercard,46,0,pending
296,lleonard@turner-fleming.com,rids9xcr,vliicw,pube8iuin,0,card,JCB 15 digit,59,1,fulfilled
297,lleonard@turner-fleming.com,vfr9e4p1,vliicw,pube8iuin,0,card,JCB 15 digit,59,0,fulfilled
298,lleonard@turner-fleming.com,7vettvqh,a6e85x,pube8iuin,0,card,JCB 15 digit,71,0,fulfilled
299,lleonard@turner-fleming.com,8zufs56k,s2yu52,pube8iuin,0,card,JCB 15 digit,75,0,fulfilled
300,lleonard@turner-fleming.com,iavr78ml,2dt9hc,pube8iuin,0,card,JCB 15 digit,56,0,fulfilled
301,lleonard@turner-fleming.com,po2qgue2,2dt9hc,pube8iuin,0,card,JCB 15 digit,56,1,fulfilled
302,lleonard@turner-fleming.com,02xzx7s8,c8czvd,pube8iuin,0,card,JCB 15 digit,48,0,pending
303,lleonard@turner-fleming.com,ubhcpkcn,aexkeb,pube8iuin,0,card,JCB 15 digit,55,0,fulfilled
304,lleonard@turner-fleming.com,0zv4q3v7,014gsw,pube8iuin,0,card,JCB 15 digit,67,0,pending
305,lleonard@turner-fleming.com,gidcndd6,014gsw,pube8iuin,0,card,JCB 15 digit,67,1,pending
306,lleonard@turner-fleming.com,bkink4ub,8lwtag,pube8iuin,0,card,JCB 15 digit,40,0,failed
307,whitedavid@jones-lloyd.org,3pymh6mw,gdsjvg,twmq62jy6,1,card,JCB 16 digit,70,0,fulfilled
308,whitedavid@jones-lloyd.org,unkt953p,3oa84g,schhirx31,0,card,JCB 16 digit,52,0,fulfilled
309,whitedavid@jones-lloyd.org,009jh4iq,a8rmch,twmq62jy6,1,card,JCB 16 digit,73,0,fulfilled
310,whitedavid@jones-lloyd.org,bjtbye6a,znuuw1,schhirx31,0,card,JCB 16 digit,43,0,failed
311,whitedavid@jones-lloyd.org,i8ish28k,0ssrq7,twmq62jy6,1,card,JCB 16 digit,45,0,fulfilled
312,tayloreric@gmail.com,58xj4057,zwxx7h,ktxquppwn,0,card,Voyager,15,0,failed
313,tayloreric@gmail.com,c15e6515,zwxx7h,ktxquppwn,0,card,Voyager,15,1,failed
314,tayloreric@gmail.com,90fuwka6,hnm11l,e02yhpn93,1,bitcoin,Discover,16,0,fulfilled
315,tayloreric@gmail.com,v2eetof8,oe5ua5,ktxquppwn,0,card,Voyager,39,0,fulfilled
316,shelby24@hotmail.com,8bksc5m8,38153h,ust8991vz,1,card,Diners Club / Carte Blanche,40,0,fulfilled
317,shelby24@hotmail.com,uy4yp6pt,ocwyyj,ws9sghi5j,0,card,Mastercard,33,1,failed
318,shelby24@hotmail.com,vjunxb2y,ocwyyj,ust8991vz,1,card,Diners Club / Carte Blanche,33,0,failed
319,shelby24@hotmail.com,9s2ob8gu,99fepx,ws9sghi5j,0,card,Mastercard,50,0,fulfilled
320,shelby24@hotmail.com,z2u9dn7i,zjigls,ust8991vz,1,card,Diners Club / Carte Blanche,36,0,fulfilled
321,cindydelgado@gmail.com,1fgz8zng,297izj,47p53nhjt,0,paypal,VISA 16 digit,35,0,failed
322,cindydelgado@gmail.com,b13nyxts,4ryti3,47p53nhjt,0,paypal,VISA 16 digit,46,0,fulfilled
323,cindydelgado@gmail.com,x73jfun1,1nblrq,47p53nhjt,0,paypal,VISA 16 digit,49,0,fulfilled
324,cindydelgado@gmail.com,4o8fq6zf,lgnbul,47p53nhjt,0,paypal,VISA 16 digit,16,0,fulfilled
325,brittanydean@hotmail.com,mq9xpl0j,4x5z1z,te1pi876k,0,card,Voyager,36,0,fulfilled
326,brittanydean@hotmail.com,rsxqencf,4x5z1z,te1pi876k,0,card,Voyager,36,1,fulfilled
327,brittanydean@hotmail.com,xqb78j8d,4x5z1z,te1pi876k,0,card,Voyager,36,1,fulfilled
328,brittanydean@hotmail.com,tujxikee,cilumk,te1pi876k,0,card,Voyager,15,0,fulfilled
329,brittanydean@hotmail.com,08k9grki,znrz7h,te1pi876k,0,card,Voyager,43,0,fulfilled
330,brittanydean@hotmail.com,28ddf0q0,ysg7hn,te1pi876k,0,card,Voyager,36,0,fulfilled
331,watkinscaroline@lewis-haas.com,evap24h5,z4z8pu,zsk2itfp9,0,card,Maestro,11,0,fulfilled
332,watkinscaroline@lewis-haas.com,qv0juj5h,kcyceh,zsk2itfp9,0,card,Maestro,27,0,fulfilled
333,marissacollins@mckinney.com,3ukr2xo2,r7iurq,5n1znn6g7,0,card,JCB 15 digit,31,1,fulfilled
334,marissacollins@mckinney.com,wkk02323,komvqe,5n1znn6g7,0,card,JCB 15 digit,33,0,fulfilled
335,marissacollins@mckinney.com,j8pqgvs2,oe260k,5n1znn6g7,0,card,JCB 15 digit,46,0,fulfilled
336,marissacollins@mckinney.com,ldrk3iu0,vo6yxx,5n1znn6g7,0,card,JCB 15 digit,12,1,fulfilled
337,marissacollins@mckinney.com,u8124k9p,vo6yxx,5n1znn6g7,0,card,JCB 15 digit,12,0,fulfilled
338,marissacollins@mckinney.com,ggmerx76,f1ykft,5n1znn6g7,0,card,JCB 15 digit,32,0,fulfilled
339,craig83@rasmussen-alvarado.com,rkahezdu,nzxaq8,dmbt74m31,0,bitcoin,Maestro,20,0,fulfilled
340,craig83@rasmussen-alvarado.com,crl6tv84,8yj5xm,2g0jtwk7z,0,apple pay,Diners Club / Carte Blanche,21,1,fulfilled
341,thernandez@johnson-quinn.com,gaxk9rqy,tnx3nb,5dcw1pvfp,0,card,VISA 16 digit,14,0,fulfilled
342,thernandez@johnson-quinn.com,m8r6hniu,un1swp,5dcw1pvfp,0,card,VISA 16 digit,22,0,fulfilled
343,emilyroberts@hotmail.com,65kax9bv,8hzrs6,k3j0csvbi,1,paypal,JCB 16 digit,22,0,pending
344,emilyroberts@hotmail.com,jydc0igm,lv7bgj,k3j0csvbi,1,paypal,JCB 16 digit,14,0,fulfilled
345,vmiller@hotmail.com,a77klpib,5qsujo,syeg4jsea,0,card,JCB 16 digit,36,0,fulfilled
346,vmiller@hotmail.com,ip5tk6rk,e079kp,syeg4jsea,0,card,JCB 16 digit,60,0,fulfilled
347,vmiller@hotmail.com,0kkdyxv9,e4zp2d,syeg4jsea,0,card,JCB 16 digit,57,0,fulfilled
348,vmiller@hotmail.com,mjnf4ynr,uwlkgq,syeg4jsea,0,card,JCB 16 digit,59,1,fulfilled
349,vmiller@hotmail.com,1hnqqte8,1r723d,syeg4jsea,0,card,JCB 16 digit,64,0,fulfilled
350,vmiller@hotmail.com,chhgzokp,1r723d,syeg4jsea,0,card,JCB 16 digit,64,1,fulfilled
351,vmiller@hotmail.com,1fvxj1f7,kclajf,syeg4jsea,0,card,JCB 16 digit,54,0,fulfilled
352,vmiller@hotmail.com,2pxfi412,src36a,syeg4jsea,0,card,JCB 16 digit,55,0,fulfilled
353,vmiller@hotmail.com,vmzjq1hz,src36a,syeg4jsea,0,card,JCB 16 digit,55,1,fulfilled
354,vmiller@hotmail.com,tp8rcpaj,urki6d,syeg4jsea,0,card,JCB 16 digit,47,0,failed
355,david45@gmail.com,37wzwli3,xmco0d,g7u0onbnv,0,card,JCB 15 digit,74,0,fulfilled
356,david45@gmail.com,t08f5g4x,6kc5n5,u1ae0romw,0,card,Discover,57,0,fulfilled
357,david45@gmail.com,1nm2xl3k,l35jjq,g7u0onbnv,0,card,JCB 15 digit,57,1,fulfilled
358,david45@gmail.com,o09fmom1,l35jjq,60ktm2k9f,0,bitcoin,JCB 16 digit,57,1,fulfilled
359,david45@gmail.com,rbjz1iom,l35jjq,g7u0onbnv,0,card,JCB 15 digit,57,1,fulfilled
360,david45@gmail.com,lva5by83,ujgjis,u1ae0romw,0,card,Discover,53,0,fulfilled
361,david45@gmail.com,1jpyo91x,3hprb8,s5crwdixe,0,apple pay,Voyager,61,0,fulfilled
362,david45@gmail.com,w7v8dfj3,745ioj,tulie7ios,0,card,Diners Club / Carte Blanche,67,0,fulfilled
363,david45@gmail.com,55dcono8,fc3nvv,tulie7ios,0,card,Diners Club / Carte Blanche,47,0,fulfilled
364,david45@gmail.com,88pxkgun,owjv3s,u1ae0romw,0,card,Discover,36,0,fulfilled
365,fdavis@wolfe-brown.com,4r72r534,ohf8go,ru53ucaj4,0,card,Diners Club / Carte Blanche,17,0,fulfilled
366,fdavis@wolfe-brown.com,0flz070f,06hsk6,ru53ucaj4,0,card,Diners Club / Carte Blanche,25,0,fulfilled
367,fdavis@wolfe-brown.com,lbfnlnfe,u4dydn,gims4zlcp,0,card,Voyager,30,0,fulfilled
368,kathleenlee@yahoo.com,fkoqiy81,uz0oa1,qr7kuc1gm,0,apple pay,American Express,41,0,fulfilled
369,kathleenlee@yahoo.com,xszxv6w1,5vu69a,qr7kuc1gm,0,apple pay,American Express,10,0,pending
370,kathleenlee@yahoo.com,9masuhff,mpwhj2,qr7kuc1gm,0,apple pay,American Express,38,0,fulfilled
371,kathleenlee@yahoo.com,nl649qu5,mpwhj2,1uzbo147p,0,card,Diners Club / Carte Blanche,38,1,fulfilled
372,kathleenlee@yahoo.com,ah0args9,qvbjir,qr7kuc1gm,0,apple pay,American Express,32,1,fulfilled
373,kathleenlee@yahoo.com,ezx663wg,qvbjir,t9ilu4ywl,0,card,Diners Club / Carte Blanche,32,0,fulfilled
374,benjamin19@gmail.com,xduef3wa,d2szgv,i7h51ufsw,1,card,VISA 16 digit,18,0,fulfilled
375,benjamin19@gmail.com,g0v9a6i2,xmaldl,3y1i3h6rv,0,paypal,Discover,11,1,fulfilled
376,benjamin19@gmail.com,nm7oqe4d,xmaldl,i7h51ufsw,1,card,VISA 16 digit,11,0,fulfilled
377,benjamin19@gmail.com,kcdt39ks,ln8bdx,i7h51ufsw,1,card,VISA 16 digit,47,0,fulfilled
378,mtrevino@gutierrez.net,wkw8llhg,m6zkwn,js2v4zlym,0,card,American Express,17,1,pending
379,tmcpherson@wright.com,8ko07llh,51pdq1,w8f4lcsen,1,card,VISA 13 digit,72,1,fulfilled
380,tmcpherson@wright.com,a0krnphc,51pdq1,w8f4lcsen,1,card,VISA 13 digit,72,1,fulfilled
381,tmcpherson@wright.com,jwdcjcvh,bve6ws,w8f4lcsen,1,card,VISA 13 digit,60,0,fulfilled
382,tmcpherson@wright.com,x84iyy6o,bve6ws,w8f4lcsen,1,card,VISA 13 digit,60,1,fulfilled
383,tmcpherson@wright.com,rilyerv3,6sv4im,w8f4lcsen,1,card,VISA 13 digit,42,0,fulfilled
384,tmcpherson@wright.com,nob1c9da,loejqo,w8f4lcsen,1,card,VISA 13 digit,33,0,pending
385,tmcpherson@wright.com,6h400s45,qrkjwn,w8f4lcsen,1,card,VISA 13 digit,33,0,fulfilled
386,tmcpherson@wright.com,p9l1ry2z,qrkjwn,w8f4lcsen,1,card,VISA 13 digit,33,1,fulfilled
387,tmcpherson@wright.com,37xngvsx,bvbmdr,w8f4lcsen,1,card,VISA 13 digit,35,0,fulfilled
388,tmcpherson@wright.com,4yoepvao,etpzqt,w8f4lcsen,1,card,VISA 13 digit,40,0,fulfilled
389,tmcpherson@wright.com,cthnkebs,etpzqt,w8f4lcsen,1,card,VISA 13 digit,40,1,fulfilled
390,tmcpherson@wright.com,ho3ia5k6,etpzqt,w8f4lcsen,1,card,VISA 13 digit,40,1,fulfilled
391,tmcpherson@wright.com,7l217x0d,p3i7n9,w8f4lcsen,1,card,VISA 13 digit,36,0,fulfilled
392,wdelacruz@yahoo.com,z7wlutjb,lqc3os,n8g5z0l5a,0,card,JCB 16 digit,66,1,fulfilled
393,wdelacruz@yahoo.com,7prmsn0c,q60uc8,n8g5z0l5a,0,card,JCB 16 digit,46,0,failed
394,wdelacruz@yahoo.com,y57y5psb,fsnt56,n8g5z0l5a,0,card,JCB 16 digit,47,0,failed
395,wdelacruz@yahoo.com,m4c0aa62,j6lfpo,n8g5z0l5a,0,card,JCB 16 digit,72,0,fulfilled
396,brooksdustin@knight.info,57bf8t4x,8p5okv,tmx17utwv,0,card,VISA 16 digit,17,0,fulfilled
397,ybrown@gmail.com,syutt7yx,cdt22w,vnrb9adla,0,card,Voyager,46,0,fulfilled
398,ybrown@gmail.com,zzg2ywpl,w936ae,4wf6hh0n2,0,card,VISA 16 digit,42,0,fulfilled
399,ybrown@gmail.com,0mnx24qs,xsg232,os6ezvnwg,0,card,JCB 16 digit,36,0,failed
400,ybrown@gmail.com,2obfozx3,1x9wie,os6ezvnwg,0,card,JCB 16 digit,10,1,fulfilled
401,ybrown@gmail.com,jauf6x87,1x9wie,os6ezvnwg,0,card,JCB 16 digit,10,0,fulfilled
402,vreyes@cruz.info,7pupat69,b1t6wl,gw4lq4cuy,0,card,VISA 13 digit,30,0,fulfilled
403,nicolekelly@hotmail.com,fkjd0vf6,qy4n1h,6rli0g8of,0,card,VISA 13 digit,42,0,fulfilled
404,barronelizabeth@singh.org,xggmoajo,2r16j4,duk5e3nae,0,card,JCB 16 digit,21,0,fulfilled
405,barronelizabeth@singh.org,54mziv51,fs5qr2,duk5e3nae,0,card,JCB 16 digit,16,0,fulfilled
406,barronelizabeth@singh.org,v2io6j5q,7p1kg7,iq66wkmk1,0,paypal,Voyager,39,0,fulfilled
407,barronelizabeth@singh.org,14s99io7,zrklm8,iq66wkmk1,0,paypal,Voyager,22,1,fulfilled
408,barronelizabeth@singh.org,l022kzwv,zrklm8,duk5e3nae,0,card,JCB 16 digit,22,0,fulfilled
409,phillip89@gmail.com,hpcl1rqn,m1ivme,0hxz5kbtr,0,card,JCB 15 digit,16,0,pending
410,phillip89@gmail.com,i5cw09zr,lbg7xt,0hxz5kbtr,0,card,JCB 15 digit,45,0,fulfilled
411,phillip89@gmail.com,5gbtznk4,6fzokb,0hxz5kbtr,0,card,JCB 15 digit,13,0,fulfilled
412,ugood@mosley.info,gpeuthlg,eqaoio,3zzg1etrq,0,card,VISA 13 digit,74,0,fulfilled
413,ugood@mosley.info,6qeucn7v,ye3d01,jcbfj9zj6,0,card,Diners Club / Carte Blanche,67,0,fulfilled
414,zgraham@yahoo.com,tyhoucmk,4pg8fk,l4w49qskr,0,apple pay,Voyager,42,0,fulfilled
415,zgraham@yahoo.com,82m0gkqr,0linjx,4lbflweug,0,card,Discover,43,1,fulfilled
416,zgraham@yahoo.com,cosa5rtj,9khtcz,ougmgyvof,0,card,Maestro,12,0,fulfilled
417,zgraham@yahoo.com,93wgj32w,3g1bbj,ougmgyvof,0,card,Maestro,11,1,fulfilled
418,zgraham@yahoo.com,trxn5ehm,3g1bbj,4lbflweug,0,card,Discover,11,0,fulfilled
419,pchavez@randolph.com,idhsbo74,iwzplu,3fsaflfv5,0,paypal,Maestro,39,0,fulfilled
420,marywalker@gmail.com,59di64ja,9wfg0y,6p0e0gdmy,0,card,VISA 16 digit,14,0,fulfilled
421,marywalker@gmail.com,9fxpqd1e,9wfg0y,dakq3e620,0,card,JCB 16 digit,14,1,fulfilled
422,marywalker@gmail.com,mpqpuama,f2u6qh,dakq3e620,0,card,JCB 16 digit,35,0,failed
423,marywalker@gmail.com,v19i5ylc,hw28hx,dakq3e620,0,card,JCB 16 digit,19,0,fulfilled
424,smithtonya@huffman.org,mmxvwcnc,52gvak,1vwiez8vl,0,card,JCB 16 digit,32,0,fulfilled
425,smithtonya@huffman.org,wmqq0rhj,e7i8oe,1vwiez8vl,0,card,JCB 16 digit,35,0,fulfilled
426,smithtonya@huffman.org,qmywqxmq,dcu7qm,1vwiez8vl,0,card,JCB 16 digit,14,0,fulfilled
427,hamiltonchristopher@yahoo.com,gnhirhoy,xbxaz7,vwvzodhr2,0,card,JCB 15 digit,39,1,fulfilled
428,hamiltonchristopher@yahoo.com,s4fv6dqi,xbxaz7,2syymyhn2,0,card,VISA 16 digit,39,0,fulfilled
429,amywright@wallace-johnson.com,sbuj220x,a98xev,88huac0bv,1,bitcoin,VISA 16 digit,74,0,failed
430,amywright@wallace-johnson.com,lwfud9ou,skhh6n,88huac0bv,1,bitcoin,VISA 16 digit,46,0,failed
431,amywright@wallace-johnson.com,ewy4l0pq,6hb7do,88huac0bv,1,bitcoin,VISA 16 digit,71,1,fulfilled
432,amywright@wallace-johnson.com,bukm9xs4,hd6eyt,88huac0bv,1,bitcoin,VISA 16 digit,45,0,failed
433,amywright@wallace-johnson.com,aus7niea,y942bm,88huac0bv,1,bitcoin,VISA 16 digit,32,0,fulfilled
434,amywright@wallace-johnson.com,1vw81h7t,t8lnr5,88huac0bv,1,bitcoin,VISA 16 digit,44,0,fulfilled
435,iray@rogers.com,amyaqwxv,1pxm7n,jwnmuewma,0,card,VISA 16 digit,61,0,fulfilled
436,iray@rogers.com,6wmrhsvw,fdv49s,736fivko4,0,card,Voyager,40,0,fulfilled
437,iray@rogers.com,76kkztvq,hyopfu,jwnmuewma,0,card,VISA 16 digit,49,0,fulfilled
438,iray@rogers.com,me89f00o,g9g7pj,j0eyk4wni,0,card,Diners Club / Carte Blanche,46,0,failed
439,iray@rogers.com,tzys1r4y,r0ufv3,j0eyk4wni,0,card,Diners Club / Carte Blanche,31,0,fulfilled
440,ctaylor@yahoo.com,us3sl1w5,i1lv0z,cf3mkd213,0,card,JCB 16 digit,66,0,fulfilled
441,ctaylor@yahoo.com,fmt8i50f,94aoa8,jjfiirq8l,0,card,JCB 16 digit,70,0,fulfilled
442,ctaylor@yahoo.com,3asqnj9h,lrdgn8,rqtzq4iov,0,card,VISA 16 digit,32,0,fulfilled
443,ctaylor@yahoo.com,sw8vizzn,lrdgn8,xp5bh6v2n,0,card,Maestro,32,1,fulfilled
444,ctaylor@yahoo.com,tnzw0wf9,e0amku,jjfiirq8l,0,card,JCB 16 digit,50,0,fulfilled
445,ctaylor@yahoo.com,22wpoikc,z3tdfo,rqtzq4iov,0,card,VISA 16 digit,38,0,fulfilled
446,ctaylor@yahoo.com,464cuad3,z3tdfo,jjfiirq8l,0,card,JCB 16 digit,38,1,fulfilled
447,ctaylor@yahoo.com,iwr5gm7i,qyqvn4,q96qd8pcw,0,card,American Express,72,0,fulfilled
448,gomezjohn@yahoo.com,7w0n4z25,lwn8yr,n1ehjoa66,0,card,JCB 15 digit,43,0,pending
449,gomezjohn@yahoo.com,0h8u9mpm,q9mxer,n1ehjoa66,0,card,JCB 15 digit,16,0,failed
450,mullenstephanie@yahoo.com,lxpd7329,480xpp,rz8r1tr8s,0,paypal,Mastercard,12,0,fulfilled
451,mullenstephanie@yahoo.com,1zhxo5b4,w6jjuq,8ohzdp1ql,0,bitcoin,Diners Club / Carte Blanche,28,0,fulfilled
452,mullenstephanie@yahoo.com,6wvb00ik,5mwl8n,8ohzdp1ql,0,bitcoin,Diners Club / Carte Blanche,17,0,fulfilled
453,koneal@henderson.biz,s7kvbnb1,p6xjf3,h6cv0t3ga,0,bitcoin,VISA 16 digit,23,0,fulfilled
454,koneal@henderson.biz,htkv5ymx,20hwn4,h6cv0t3ga,0,bitcoin,VISA 16 digit,11,0,fulfilled
455,koneal@henderson.biz,7qdnutij,v8qxee,h6cv0t3ga,0,bitcoin,VISA 16 digit,38,0,fulfilled
456,koneal@henderson.biz,u2eijqhe,ygu87g,h6cv0t3ga,0,bitcoin,VISA 16 digit,26,0,fulfilled
457,brianthomas@yahoo.com,srhoioko,81wxhb,9i0e5d5ex,0,card,JCB 16 digit,46,0,fulfilled
458,brianthomas@yahoo.com,sdx47g08,3e8psz,9i0e5d5ex,0,card,JCB 16 digit,24,0,fulfilled
459,brianthomas@yahoo.com,7d74oyac,3vp1ao,9i0e5d5ex,0,card,JCB 16 digit,39,1,pending
460,brianthomas@yahoo.com,7kx1329q,3vp1ao,9i0e5d5ex,0,card,JCB 16 digit,39,1,pending
461,brianthomas@yahoo.com,we3p9buz,3vp1ao,9i0e5d5ex,0,card,JCB 16 digit,39,0,pending
462,brianthomas@yahoo.com,k8k2d6kb,wyeexx,9i0e5d5ex,0,card,JCB 16 digit,49,0,fulfilled
463,oaguirre@hotmail.com,5s2j37z0,9lj87e,0d9jd80l2,0,apple pay,Voyager,47,0,fulfilled
464,joshua00@hotmail.com,7dmekh44,yimubh,29bqx7jkh,0,paypal,JCB 16 digit,11,0,fulfilled
465,joshua00@hotmail.com,rh1bddbi,jjuevb,29bqx7jkh,0,paypal,JCB 16 digit,47,0,failed
466,joshua00@hotmail.com,ys8gd1yz,jjuevb,29bqx7jkh,0,paypal,JCB 16 digit,47,1,failed
467,joshua00@hotmail.com,6x8h7znc,moxei5,29bqx7jkh,0,paypal,JCB 16 digit,24,0,fulfilled
468,joshua00@hotmail.com,miiyptdl,pupkd9,29bqx7jkh,0,paypal,JCB 16 digit,48,0,fulfilled
469,veronica42@stokes.com,6dwhx2bc,5m0otl,bdsvwrzwf,0,card,Mastercard,33,0,fulfilled
470,cindydeleon@yahoo.com,5ndeff4q,fng05a,vaf2bri7z,0,card,JCB 15 digit,14,1,fulfilled
471,cindydeleon@yahoo.com,efvuhjx7,fng05a,vaf2bri7z,0,card,JCB 15 digit,14,0,fulfilled
472,cindydeleon@yahoo.com,exdzrfbl,fng05a,i06wwil9n,0,card,Diners Club / Carte Blanche,14,1,fulfilled
473,cindydeleon@yahoo.com,n78bpcgi,fng05a,vaf2bri7z,0,card,JCB 15 digit,14,1,fulfilled
474,kyle64@stephens-ortiz.com,bb7h3ho1,r8icbb,kus94zksp,1,card,JCB 16 digit,50,0,fulfilled
475,kyle64@stephens-ortiz.com,atmrshug,u0pjxd,kus94zksp,1,card,JCB 16 digit,22,0,fulfilled
476,kyle64@stephens-ortiz.com,jv2aw7ft,u0pjxd,kus94zksp,1,card,JCB 16 digit,22,1,fulfilled
477,kyle64@stephens-ortiz.com,2ymlir6k,7vjixz,kus94zksp,1,card,JCB 16 digit,22,0,fulfilled
478,kyle64@stephens-ortiz.com,vn7ys0h2,670ajr,kus94zksp,1,card,JCB 16 digit,13,0,fulfilled
479,jordanthomas@hayes-wilson.biz,ut8a5hyw,rsdztj,fgfa24tpk,0,card,Mastercard,48,0,fulfilled
480,jordanthomas@hayes-wilson.biz,t4zal6wo,mk3o8e,fgfa24tpk,0,card,Mastercard,30,0,failed
481,jordanthomas@hayes-wilson.biz,4ibeew3x,ebz04t,pf64zbjh1,0,card,VISA 13 digit,47,0,fulfilled
482,jordanthomas@hayes-wilson.biz,vn79akmv,anb5hm,fgfa24tpk,0,card,Mastercard,26,0,fulfilled
483,aliciaanthony@martin.com,d27dmlyt,dzj9zm,5tyvyueom,0,card,Maestro,45,0,fulfilled
484,aliciaanthony@martin.com,m5ojvu3i,od1sqr,5tyvyueom,0,card,Maestro,39,0,fulfilled
485,aliciaanthony@martin.com,jxosraoj,ijyrzl,5tyvyueom,0,card,Maestro,11,0,fulfilled
486,jenniferperry@hotmail.com,090ujaux,ljcxnj,islfepdzb,0,card,Voyager,22,0,fulfilled
487,jenniferperry@hotmail.com,yypw7n1d,cktnv9,45ddgqcnf,0,card,Diners Club / Carte Blanche,15,0,fulfilled
488,jenniferperry@hotmail.com,s0yyt7of,d67lcv,45ddgqcnf,0,card,Diners Club / Carte Blanche,30,0,failed
489,jenniferperry@hotmail.com,4ozk9f09,wpgaj2,islfepdzb,0,card,Voyager,19,0,failed
490,lsanchez@hotmail.com,ogpqwzrl,cyrly6,8iizua67d,0,card,Maestro,40,0,fulfilled
491,lsanchez@hotmail.com,r8ka9avu,u5yw78,8iizua67d,0,card,Maestro,12,0,fulfilled
492,lsanchez@hotmail.com,q5ua8ylu,44e4nh,8iizua67d,0,card,Maestro,35,0,fulfilled
493,lsanchez@hotmail.com,3q7pfnul,v91d47,8iizua67d,0,card,Maestro,23,0,fulfilled
494,lsanchez@hotmail.com,nm9dlvgw,v91d47,8iizua67d,0,card,Maestro,23,1,fulfilled
495,christinemills@mcgee.com,xo0ezry0,320w72,1dcru1vlg,0,card,Voyager,35,0,fulfilled
496,christinemills@mcgee.com,0ag8hv7x,rih88w,1dcru1vlg,0,card,Voyager,15,0,fulfilled
497,christinemills@mcgee.com,f0iufxzu,e5iy2q,1dcru1vlg,0,card,Voyager,45,0,fulfilled
498,christinemills@mcgee.com,0tnloyfm,npcwlm,xrqpqnjba,0,paypal,Voyager,13,0,fulfilled
499,christinemills@mcgee.com,d4oenk4o,hnt2yf,xrqpqnjba,0,paypal,Voyager,17,0,failed
500,cuevasvicki@gmail.com,i8w9h2cd,xtzm8c,eyvv5ubc3,0,card,Maestro,33,1,fulfilled
501,cuevasvicki@gmail.com,sjy0l8ad,xtzm8c,h5wy1uso1,0,card,JCB 16 digit,33,0,fulfilled
502,cuevasvicki@gmail.com,5pau86iw,ol00gi,h5wy1uso1,0,card,JCB 16 digit,37,0,fulfilled
503,cuevasvicki@gmail.com,qblmwgfm,imah49,eyvv5ubc3,0,card,Maestro,49,0,fulfilled
504,cuevasvicki@gmail.com,7dm6i2pb,vbcgbn,ssnalg5vb,0,paypal,Maestro,14,0,fulfilled
505,cuevasvicki@gmail.com,pihkylay,syx6hl,h5wy1uso1,0,card,JCB 16 digit,26,0,fulfilled
506,mitchellgriffith@yahoo.com,2t7q4sjh,bunmsb,4nf29mjz1,0,card,Diners Club / Carte Blanche,36,0,fulfilled
507,mitchellgriffith@yahoo.com,aegdz9wr,bunmsb,4nf29mjz1,0,card,Diners Club / Carte Blanche,36,1,fulfilled
508,mitchellgriffith@yahoo.com,d4f44rhh,bunmsb,4nf29mjz1,0,card,Diners Club / Carte Blanche,36,1,fulfilled
509,mitchellgriffith@yahoo.com,p4bjmsol,bunmsb,4nf29mjz1,0,card,Diners Club / Carte Blanche,36,1,fulfilled
510,mitchellgriffith@yahoo.com,qybsml7x,bunmsb,4nf29mjz1,0,card,Diners Club / Carte Blanche,36,1,fulfilled
511,mitchellgriffith@yahoo.com,zjplyhca,bunmsb,4nf29mjz1,0,card,Diners Club / Carte Blanche,36,1,fulfilled
512,mitchellgriffith@yahoo.com,m8zl1qvt,1luqt9,4nf29mjz1,0,card,Diners Club / Carte Blanche,40,1,fulfilled
513,mitchellgriffith@yahoo.com,nb7tswnn,1luqt9,4nf29mjz1,0,card,Diners Club / Carte Blanche,40,0,fulfilled
514,mitchellgriffith@yahoo.com,0yqd9taf,93lzyc,4nf29mjz1,0,card,Diners Club / Carte Blanche,20,1,pending
515,mitchellgriffith@yahoo.com,91xu5lzd,93lzyc,4nf29mjz1,0,card,Diners Club / Carte Blanche,20,1,pending
516,mitchellgriffith@yahoo.com,e6kpuach,93lzyc,4nf29mjz1,0,card,Diners Club / Carte Blanche,20,1,pending
517,mitchellgriffith@yahoo.com,mv2yyjg1,93lzyc,4nf29mjz1,0,card,Diners Club / Carte Blanche,20,1,pending
518,mitchellgriffith@yahoo.com,naq0x1ex,93lzyc,4nf29mjz1,0,card,Diners Club / Carte Blanche,20,0,pending
519,mitchellgriffith@yahoo.com,sffxzqww,93lzyc,4nf29mjz1,0,card,Diners Club / Carte Blanche,20,1,pending
520,mitchellgriffith@yahoo.com,ykdbfnin,93lzyc,4nf29mjz1,0,card,Diners Club / Carte Blanche,20,1,pending
521,gwilcox@hotmail.com,nzot2cqt,3h6s5x,ymqtqgnsg,0,card,JCB 16 digit,49,0,fulfilled
522,gwilcox@hotmail.com,fn9a0hml,k147nh,bddoq1fwc,0,card,Diners Club / Carte Blanche,63,0,fulfilled
523,gwilcox@hotmail.com,p22jityx,tv616g,p4of42zn1,0,card,Diners Club / Carte Blanche,55,1,pending
524,gwilcox@hotmail.com,6fm14ue0,3d0ip4,xlsn61ipv,1,card,VISA 13 digit,62,0,fulfilled
525,gwilcox@hotmail.com,rs1oex3s,3d0ip4,xlsn61ipv,1,card,VISA 13 digit,62,1,fulfilled
526,gwilcox@hotmail.com,ywydanw2,x9b0us,xlsn61ipv,1,card,VISA 13 digit,73,0,fulfilled
527,gwilcox@hotmail.com,dsjvchs7,wa8h1e,xlsn61ipv,1,card,VISA 13 digit,68,0,pending
528,victorgarcia@gmail.com,kzb8h607,gniwi1,4y1kp0vsv,0,card,Maestro,34,0,fulfilled
529,brittany60@yahoo.com,r53rt9lh,8s2s9r,lp97onnto,0,bitcoin,Diners Club / Carte Blanche,47,0,fulfilled
530,brittany60@yahoo.com,dl1cdscx,wbvdcq,qp0jwedbw,0,card,VISA 13 digit,34,0,failed
531,brittany60@yahoo.com,ahtln53x,cvzcou,qp0jwedbw,0,card,VISA 13 digit,43,0,fulfilled
532,brittany60@yahoo.com,pi3n5nzn,cvzcou,qp0jwedbw,0,card,VISA 13 digit,43,1,fulfilled
533,brittany60@yahoo.com,7zpfyxyn,w10bby,qp0jwedbw,0,card,VISA 13 digit,50,0,fulfilled
534,fharris@hotmail.com,cr54660y,8sj7mh,orf4mjxo2,0,card,VISA 16 digit,48,1,failed
535,fharris@hotmail.com,ikfxbvy8,8sj7mh,orf4mjxo2,0,card,VISA 16 digit,48,0,failed
536,fharris@hotmail.com,t9235lna,8sj7mh,orf4mjxo2,0,card,VISA 16 digit,48,1,failed
537,fharris@hotmail.com,0eptxbrk,mchypz,orf4mjxo2,0,card,VISA 16 digit,29,0,fulfilled
538,mercedesfinley@roman.org,s7r7mdlh,lt844q,yq0785i1q,0,card,American Express,27,0,fulfilled
539,mercedesfinley@roman.org,xraiaun9,50o0jf,yq0785i1q,0,card,American Express,19,0,fulfilled
540,mercedesfinley@roman.org,r3ornrhq,kxbs9c,zim2ivw3x,0,card,Diners Club / Carte Blanche,37,0,fulfilled
541,mercedesfinley@roman.org,spnrmftf,ew151g,zim2ivw3x,0,card,Diners Club / Carte Blanche,25,0,fulfilled
542,mercedesfinley@roman.org,kzj11whl,d993dt,muqv21w62,0,apple pay,VISA 13 digit,22,0,fulfilled
543,1yf0@jedyz63t,foo56851,gcop7b,igpmsjd73,0,paypal,Mastercard,38,0,fulfilled
544,1yf0@jedyz63t,drngwa51,eftfwy,0l7kszls7,0,card,VISA 13 digit,11,0,fulfilled
545,1yf0@jedyz63t,5010w1m2,1ca3sy,vej6hz0vq,0,card,Maestro,45,1,fulfilled
546,1yf0@jedyz63t,xyavqxjg,1ca3sy,0l7kszls7,0,card,VISA 13 digit,45,0,fulfilled
547,1yf0@jedyz63t,84xwwv0d,is64fx,igpmsjd73,0,paypal,Mastercard,18,0,fulfilled
548,1yf0@jedyz63t,67o717jo,st9dv0,igpmsjd73,0,paypal,Mastercard,12,1,fulfilled
549,1yf0@jedyz63t,7nib2tyk,st9dv0,0l7kszls7,0,card,VISA 13 digit,12,0,fulfilled
550,1yf0@jedyz63t,cnion0pc,st9dv0,0l7kszls7,0,card,VISA 13 digit,12,1,fulfilled
551,1yf0@jedyz63t,i4edjdey,st9dv0,0l7kszls7,0,card,VISA 13 digit,12,1,fulfilled
552,1yf0@jedyz63t,pkc9dfn2,st9dv0,0l7kszls7,0,card,VISA 13 digit,12,1,fulfilled
553,thomasryan@conrad.net,6bvyi75n,wdeprg,zn4e11ck7,0,paypal,Diners Club / Carte Blanche,49,0,fulfilled
554,thomasryan@conrad.net,a2iekqhg,jtoc3i,zn4e11ck7,0,paypal,Diners Club / Carte Blanche,12,0,fulfilled
555,thomasryan@conrad.net,mijozk3a,jtoc3i,n5z9rxst8,0,apple pay,American Express,12,1,fulfilled
556,thomasryan@conrad.net,bgc001g0,szs0n9,zn4e11ck7,0,paypal,Diners Club / Carte Blanche,22,1,pending
557,thomasryan@conrad.net,oys0c9e5,szs0n9,n5z9rxst8,0,apple pay,American Express,22,0,pending
558,kwalsh@lopez-gomez.biz,o39lupeq,hoxg2j,kjt28bu2n,1,card,Maestro,31,0,fulfilled
559,kwalsh@lopez-gomez.biz,x37r5o4e,j7u286,kjt28bu2n,1,card,Maestro,35,0,fulfilled
560,kwalsh@lopez-gomez.biz,hhg5fwwa,sc5ooc,2d00yljsp,0,paypal,VISA 13 digit,34,0,fulfilled
561,martinezlori@gmail.com,w3lp3m3e,k0vrw5,866s0p6rq,1,card,VISA 13 digit,10,0,fulfilled
562,martinezlori@gmail.com,4ccan7ny,saobql,866s0p6rq,1,card,VISA 13 digit,35,0,fulfilled
563,martinezlori@gmail.com,med79zy3,saobql,866s0p6rq,1,card,VISA 13 digit,35,1,fulfilled
564,martinezlori@gmail.com,fv5z6bnc,aaptkq,866s0p6rq,1,card,VISA 13 digit,44,0,fulfilled
565,martinezlori@gmail.com,q0cxhnip,aaptkq,866s0p6rq,1,card,VISA 13 digit,44,1,fulfilled
566,johnlowery@gmail.com,t2tr0zve,1c0bds,hs3hemcz6,0,card,Maestro,47,0,fulfilled
567,johnlowery@gmail.com,ckvws967,b8mpa4,hs3hemcz6,0,card,Maestro,22,0,fulfilled
568,johnlowery@gmail.com,gzs6it77,b8mpa4,hs3hemcz6,0,card,Maestro,22,1,fulfilled
569,johnlowery@gmail.com,soaefwfo,pc6hb6,8wpdnmsut,0,paypal,JCB 16 digit,46,0,fulfilled
570,johnlowery@gmail.com,7df4i4c9,zxyice,hs3hemcz6,0,card,Maestro,46,0,fulfilled
571,johnlowery@gmail.com,c5usmga3,oo68hd,hs3hemcz6,0,card,Maestro,34,0,fulfilled
572,stevehernandez@gmail.com,7kxhp29x,3zk1ts,8ty2ztfnr,0,apple pay,Maestro,28,1,failed
573,stevehernandez@gmail.com,ziocjvea,3zk1ts,8ty2ztfnr,0,apple pay,Maestro,28,0,failed
574,stevehernandez@gmail.com,8c5f90a5,die097,8ty2ztfnr,0,apple pay,Maestro,44,0,fulfilled
575,stevehernandez@gmail.com,ds1cg5jj,voljhb,8ty2ztfnr,0,apple pay,Maestro,21,0,pending
576,stevehernandez@gmail.com,rayscslh,gqm9fm,8ty2ztfnr,0,apple pay,Maestro,20,0,fulfilled
577,stevehernandez@gmail.com,m1w4y3sd,frghsc,8ty2ztfnr,0,apple pay,Maestro,39,0,fulfilled
578,daniel98@lamb.com,lx8113ey,h1poms,oqkj50e71,0,card,Discover,16,0,fulfilled
579,ujackson@harris.com,apeqsf6w,xn5707,dby03chrc,0,card,Mastercard,15,0,failed
580,ujackson@harris.com,kwkd076c,iewgho,dby03chrc,0,card,Mastercard,12,0,fulfilled
581,ujackson@harris.com,ln2yqoc0,shluih,dby03chrc,0,card,Mastercard,21,0,fulfilled
582,ujackson@harris.com,o0acxutg,shluih,1phhc3468,0,card,VISA 13 digit,21,1,fulfilled
583,ujackson@harris.com,9a7cmr1e,spmink,1phhc3468,0,card,VISA 13 digit,14,1,fulfilled
584,brittanyhicks@jones.com,bi4lb6bp,gbnio0,ti77llxpi,1,card,Diners Club / Carte Blanche,33,0,fulfilled
585,brittanyhicks@jones.com,sw740j0n,gbnio0,ti77llxpi,1,card,Diners Club / Carte Blanche,33,1,fulfilled
586,deborah38@yahoo.com,muzrxahs,sb4gud,kzpdmdk05,0,card,VISA 16 digit,30,0,fulfilled
587,andre74@patrick-decker.com,kdc3wdhj,99hv2e,z4jrvn93k,0,card,JCB 16 digit,44,0,fulfilled
588,andre74@patrick-decker.com,8f8tkglk,yjyogo,ru0jjkjlt,0,card,JCB 16 digit,26,0,fulfilled
589,andre74@patrick-decker.com,09hmwr4s,nfryte,z4jrvn93k,0,card,JCB 16 digit,46,0,fulfilled
590,andre74@patrick-decker.com,sdvzm88k,nfryte,6umtakhhu,0,apple pay,VISA 16 digit,46,1,fulfilled
591,andre74@patrick-decker.com,0rtt6tgw,aj4xtw,ru0jjkjlt,0,card,JCB 16 digit,36,0,fulfilled
592,patrickcalderon@russo.net,vo7nj6b8,kbhr9h,sptgc1wgt,0,apple pay,American Express,16,0,fulfilled
593,patrickcalderon@russo.net,jyjpu7xe,0nzjdh,sptgc1wgt,0,apple pay,American Express,47,0,fulfilled
594,patrickcalderon@russo.net,s3t5yx6o,0nzjdh,sptgc1wgt,0,apple pay,American Express,47,1,fulfilled
595,mitchellvickie@brewer-jones.com,ryxa1mzn,6086rd,x644o186l,0,card,JCB 16 digit,31,0,failed
596,mitchellvickie@brewer-jones.com,waeqt53t,tq151t,x644o186l,0,card,JCB 16 digit,61,0,fulfilled
597,mitchellvickie@brewer-jones.com,chd6ii6v,ns8z3e,x644o186l,0,card,JCB 16 digit,34,0,fulfilled
598,sbrown@hughes.biz,293g6767,57yhdo,wsy5c41nf,0,card,Voyager,30,0,fulfilled
599,sbrown@hughes.biz,8hqq8gnj,zmwtn6,usu93euvb,0,card,Voyager,43,0,fulfilled
600,sbrown@hughes.biz,o9wqic08,8lfy8d,wsy5c41nf,0,card,Voyager,14,1,fulfilled
601,sbrown@hughes.biz,vksokuxy,8lfy8d,usu93euvb,0,card,Voyager,14,0,fulfilled
602,sbrown@hughes.biz,get2kwes,gv51sp,wsy5c41nf,0,card,Voyager,21,0,fulfilled
603,sbrown@hughes.biz,iwe4sw3m,heeu8i,vmktpy2mv,0,card,Discover,27,0,fulfilled
604,johnlowery@gmail.com,qio8vvq7,vcyuse,j3foo2l16,0,card,JCB 16 digit,35,0,fulfilled
605,johnlowery@gmail.com,xi23rned,jhaub8,xpd7j7c5g,0,card,JCB 16 digit,13,0,fulfilled
606,johnlowery@gmail.com,my4g00b1,7h0dat,xpd7j7c5g,0,card,JCB 16 digit,46,0,fulfilled
607,johnlowery@gmail.com,g3bqf8xd,tc712d,j3foo2l16,0,card,JCB 16 digit,27,0,fulfilled
608,ethompson@jackson-sanders.com,1uusmhj9,9s9ne9,kcg6rzgch,0,card,Maestro,49,0,failed
609,ethompson@jackson-sanders.com,1exu7d21,t76ess,oycs53i0s,0,card,Voyager,54,0,fulfilled
610,ethompson@jackson-sanders.com,aph71b7b,t76ess,1tmkeoxbm,0,card,American Express,54,1,fulfilled
611,ethompson@jackson-sanders.com,piabwn96,cbxamb,1tmkeoxbm,0,card,American Express,37,0,fulfilled
612,ethompson@jackson-sanders.com,yneqvvwj,cbxamb,pj3k9zcc7,0,bitcoin,JCB 16 digit,37,1,fulfilled
613,ethompson@jackson-sanders.com,l2t3xn9z,wjq6ep,pj3k9zcc7,0,bitcoin,JCB 16 digit,43,0,fulfilled
614,ethompson@jackson-sanders.com,yb9ejssg,zynstd,oycs53i0s,0,card,Voyager,64,0,fulfilled
615,ethompson@jackson-sanders.com,j3xzwavj,diw3zx,oycs53i0s,0,card,Voyager,40,0,fulfilled
616,dawn05@tucker-brown.com,6incxb5x,ow1cih,3zmkegkb8,0,paypal,JCB 15 digit,23,0,fulfilled
617,dawn05@tucker-brown.com,wpd29k0c,ak5a9n,7yen1m1q8,0,card,VISA 13 digit,32,0,fulfilled
618,dawn05@tucker-brown.com,7yilsi1o,1bubxa,7yen1m1q8,0,card,VISA 13 digit,25,1,fulfilled
619,dawn05@tucker-brown.com,c82k5bcv,1bubxa,7yen1m1q8,0,card,VISA 13 digit,25,0,fulfilled
620,dawn05@tucker-brown.com,wmh52bns,1bubxa,3zmkegkb8,0,paypal,JCB 15 digit,25,1,fulfilled
621,dawn05@tucker-brown.com,xdw33hfp,p0gdbf,3zmkegkb8,0,paypal,JCB 15 digit,19,0,fulfilled
622,dawn05@tucker-brown.com,wgmajf82,5lmvrj,f0xnu5om9,0,card,JCB 16 digit,27,0,fulfilled
